"customer_account_key","collateral_key","borr_1_last_name","borr_1_first_name","borr_2_last_name","borr_2_first_name","address","city","state","zip","ss_number","ss_number_2","citizenship_flag","product_code","orig_upb","curr_upb","orig_p_i","orig_rate","origination_date","effective_date","firstdue","maturity","is_adjustable","advance_amt","funding_amount","funding_method_code","funding_id","payee1_name","payee1_address","payee1_city","payee1_state","payee1_zip","payee1_accountnum","payee1_abanum","payee1_instruction1","payee1_instruction2","payee2_name","payee2_address","payee2_city","payee2_state","payee2_zip","payee2_accountnum","payee2_abanum","payee2_instruction1","payee2_instruction2","investor_code","inv_commit_number","inv_commit_price","inv_commit_date","inv_commit_expire_date","investor_id","property_type_code","lien_position","original_ltv","original_cltv","mtg_ins_pct","fico_score","original_term","amortization_term","purpose_code","units","orig_appraised_value","appraiser_name","occupancy_code","doc_level_code","debt_service_ratio","is_escrow_required","armmargin","armindex","armteaser","first_rate_change_date","anncap_init","rate_change_frequency","armpcap","armlcap","armlfloor","purchase_price","prepay_penalty_flag","prepay_penalty_pct","prepay_period","interest_only_flag","interest_only_period","paid_to_date","is_assets_verified","times_delinquent_30","times_delinquent_60","times_delinquent_90","times_delinquent_120","borr_1_employ_flag","borr_2_employ_flag","borr_1_marital_status","borr_2_marital_status","borr_1_age","borr_2_age","borr_1_gender","borr_2_gender","is_first_time_buyer","is_negam","armoption","first_delinquent_date","bankruptcy_chapter","bankruptcy_discharge_date","foreclosure_satisfied_date","prepay_enforceability","du_response","du_case_number","max_negam","first_rate_adjust_period","tradelines","reserved_term","reserved_amt","mers_min","mtg_ins_company","Servicing_fee","Servicer","Cur_note_rate","Armpfloor","Initial_recast_period","subsequent_recast_period","teaser_period","Is_balloon","Market_value_cap","FHA_Case_Number","Max_Rate","Is_LPMI","LPMI_PCT","Junior_lien_amount","Loan_Type","Interest_Only_End_Date","First_payment_change_date","Look_back_period","Interest_rounding_feature","Interest_rounding_percentage","1st_adj_max_initial_rate","1st_adj_min_initial_rate","CoreLogic Fraud Risk Score","CoreLogic Collateral Risk Score","Loan Officer","NMLS #","U/W","MO City","MO State","MO Zip"
"ABCD",201149912,"Bushey",,,,,"Brush Prairie","WA",98606,2,,1,"CONF10F",232000,232000,1160,4.375,"12/16/2011","12/16/2011","2/1/2012","2/1/2022",0,,,1,,"Title Company ABC",,"Brush Prairie","WA",98606,,,,,,,,,,,,,,"JPM",1111111,100,"12/17/2011","1/16/2012",,"SFR",1,35.831,35.831,0,741,120,120,"CO",1,232000,"ABC APPRAISAL ","O",3,20.801104,1,0,,,,0,0,0,0,0,232000,0,0,,0,0,"1/1/2012",1,0,0,0,0,0,0,"Single",,43,0,"M",,0,0,0,,,,,,"Approve/Eligible",1000100100,0,,2,15,20808.22,100000000000000000,,0,,4.375,0,0,0,0,0,100,,4.375,0,0,0,"Conv No PMI",,,,,,,,616,918,"Lane",1234,"Charles","Brush Prairie","WA",98606
"ABCD",201149215,"Pohl",,,,,"Long Beach","CA",90815,3,7,1,"CONF15F",393750,393750,1968.75,4.25,"12/16/2011","12/16/2011","2/1/2012","2/1/2027",1,,,1,,"Title Company ABC",,"Long Beach","CA",90815,,,,,,,,,,,,,,"JPM",1111111,100,"12/17/2011","1/16/2012",,"SFR",1,45.833,45.833,0,758,180,180,"R",1,393750,"ABC APPRAISAL ","I",1,25.643788,0,2,"1YRCMTWK",0,"8/1/2015",0,0,0,0,0,393750,0,0,,0,0,"1/1/2012",1,0,0,0,0,0,0,"Married","Married",66,60,"M","F",0,0,0,,,,,,"Approve/Eligible",1000100100,0,30,6,2,2641.44,100000000000000000,,0,,4.25,0,0,0,0,0,100,,4.25,0,0,0,"Conv No PMI",,,,,,,,396,124,"Paul",2136,"Dave","Long Beach","CA",90815
"ABCD",201148834,"Ross",,,,,"Newbury Park","CA",91320,4,,1,"CONF20F",228000,228000,1140,4.99,"12/16/2011","12/16/2011","2/1/2012","2/1/2032",0,,,1,,"Title Company ABC",,"Newbury Park","CA",91320,,,,,,,,,,,,,,"JPM",1111111,100,"12/17/2011","1/16/2012",,"SFR",1,89.209,89.209,0,719,240,240,"R",1,228000,"ABC APPRAISAL ","O",3,33.156344,1,0,,,,0,0,0,0,0,228000,0,0,,0,0,"1/1/2012",1,0,0,0,0,1,0,"Married",,49,0,"M",,0,0,0,,,,,,"Accept/Eligible",1000100100,0,,7,15,35251.64,100000000000000000,,0,,4.99,0,0,0,0,0,100,,4.99,0,0,0,"Conv No PMI",,,,,,,,986,349,"Lane",1234,"Ted","Newbury Park","CA",91320
"ABCD",201148530,"Bestpitch",,,,,"Santa Clarita","CA",91350,5,9,1,"CONF25F",225500,225500,1127.5,4.99,"12/16/2011","12/16/2011","2/1/2012","2/1/2037",0,,,1,,"Title Company ABC",,"Santa Clarita","CA",91350,,,,,,,,,,,,,,"BOAM",12333333,100,"12/17/2011","1/16/2012",,"SFR",1,81.698,81.698,0,809,300,300,"R",1,225500,"ABC APPRAISAL ","O",1,29.360949,1,0,,,,0,0,0,0,0,225500,0,0,,0,0,"1/1/2012",1,0,0,0,0,0,1,"Married","Married",45,44,"M","F",0,0,0,,,,,,"Approve/Eligible",1000100100,0,,4,0,196.04,100000000000000000,,0,,4.99,0,0,0,0,0,100,,4.99,0,0,0,"Conv No PMI",,,,,,,,939,363,"Paul",2136,"Ann","Santa Clarita","CA",91350
"ABCD",201149077,"Utecht",,,,,"Portland","OR",97212,6,10,1,"CONF30F",220133,220133,1100.665,5.875,"12/16/2011","12/16/2011","2/1/2012","2/1/2042",0,,,1,,"Title Company ABC",,"Portland","OR",97212,,,,,,,,,,,,,,"BOAM",12333333,100,"12/17/2011","1/16/2012",,"SFR",1,19.776,19.776,0,713,360,360,"CO",1,220133,"ABC APPRAISAL ","I",3,48.18622,1,0,,,,0,0,0,0,0,220133,0,0,,0,0,"1/1/2012",1,0,0,0,0,0,0,"Married","Married",46,43,"M","F",0,0,0,,,,,,"Approve/Eligible",1000100100,0,,4,87,148993.24,100000000000000000,,0,,5.875,0,0,0,0,0,100,,5.875,0,0,0,"Conv No PMI",,,,,,,,917,112,"Joe",4123,"Matthew","Portland","OR",97212
"ABCD",201149589,"Hegemann",,,,,"Portland","OR",97219,7,11,1,"CONF525",200000,200000,1000,3.5,"12/16/2011","12/16/2011","2/1/2012","2/1/2042",1,,,1,,"Title Company ABC",,"Portland","OR",97219,,,,,,,,,,,,,,"JPM",1111111,100,"12/17/2011","1/16/2012",,"SFR",1,47.042,47.042,0,745,360,360,"R",1,200000,"ABC APPRAISAL ","S",1,47.847961,0,2.25,"1YRLIBOR",3.5,"8/1/2015",2,12,2,5,2.25,200000,0,0,,0,0,"1/1/2012",1,0,0,0,0,0,0,"Married","Married",64,58,"M","F",0,0,0,,,,,,"Approve/Eligible",1000100100,0,30,8,0,209.47,100000000000000000,,0,,3.5,2,0,0,60,0,100,,8.5,0,0,0,"Conv No PMI",,,,,,,,703,353,"Eric",9112,"Mike","Portland","OR",97219
"ABCD",201148329,"Schmidt",,,,,"Valencia","CA",91355,8,12,1,"FHAVA-A",315500,315500,1577.5,4,"12/19/2011","12/19/2011","2/1/2012","2/1/2042",1,,,1,,"Title Company ABC",,"Valencia","CA",91355,,,,,,,,,,,,,,"JPM",1111111,100,"12/20/2011","1/19/2012",,"SFR",1,81.698,81.698,0,809,360,360,"R",1,315500,"ABC APPRAISAL ","O",3,26.671097,1,2,"1YRCMT",4,"10/1/2015",1,12,1,5,2,315500,0,0,,0,0,"1/1/2012",1,0,0,0,0,0,0,"Married","Married",33,36,"M","F",0,0,0,,,,,,"Approve/Eligible",1000100100,0,30,12,0,301.07,100000000000000000,,0,,4,1,0,0,62,0,100,"123-123456",9,0,0,0,"FHA",,,,,,,,886,179,"Paul",2136,"Michael","Valencia","CA",91355
"ABCD",201148589,"Algazy",,,,,"Santa Monica","CA",90403,9,,1,"FHAVA-A",403000,403000,2015,4,"12/19/2011","12/19/2011","2/1/2012","2/1/2042",1,,,1,,"Title Company ABC",,"Santa Monica","CA",90403,,,,,,,,,,,,,,"JPM",1111111,100,"12/20/2011","1/19/2012",,"SFR",1,19.776,19.776,0,713,360,360,"R",1,403000,"ABC APPRAISAL ","O",1,27.037002,1,2,"1YRCMT",4,"10/1/2015",1,12,1,5,2,403000,0,0,,0,0,"1/1/2012",1,0,0,0,0,0,0,"Married",,45,0,"M",,0,0,0,,,,,,"Approve/Eligible",1000100100,0,30,4,0,371.31,100000000000000000,,0,,4,1,0,0,62,0,100,"123-123456",9,0,0,0,"FHA",,,,,,,,682,830,"Lane",1234,"Steve","Santa Monica","CA",90403
"ABCD",201149154,"Garcia",,,,,"Santa Rosa","CA",95403,10,,1,"FHAVA-A",268000,268000,1340,3.875,"12/19/2011","12/19/2011","2/1/2012","2/1/2042",1,,,1,,"Title Company ABC",,"Santa Rosa","CA",95403,,,,,,,,,,,,,,"FNMA",22222222,100,"12/20/2011","1/19/2012",,"SFR",1,47.042,47.042,0,745,360,360,"P",1,268000,"ABC APPRAISAL ","O",1,57.615341,1,2,"1YRCMT",3.875,"10/1/2015",1,12,1,5,2,268000,0,0,,0,0,"1/1/2012",1,0,0,0,0,1,0,"Single",,46,0,"M",,0,0,0,,,,,,"Approve/Eligible",1000100100,0,30,8,1,1585.86,100000000000000000,,0,,3.875,1,0,0,62,0,100,"123-123456",8.875,0,0,0,"FHA",,,,,,,,2,715,"Paul",2136,"David","Santa Rosa","CA",95403
"ABCD",201149047,"Hopkins",,,,,"San Diego","CA",92109,11,,1,"FHAVA-F",198000,198000,990,4.875,"12/19/2011","12/19/2011","2/1/2012","2/1/2042",0,,,1,,"Title Company ABC",,"San Diego","CA",92109,,,,,,,,,,,,,,"FNMA",22222222,100,"12/20/2011","1/19/2012",,"SFR",1,93.32,93.32,0,735,360,360,"CO",1,198000,"ABC APPRAISAL ","O",1,20.801104,1,0,,,,0,0,0,0,0,198000,0,0,,0,0,"1/1/2012",1,0,0,0,0,0,0,"Divorced",,64,0,"M",,0,0,0,,,,,,"Approve/Eligible",1000100100,0,,12,33,22272.67,100000000000000000,,0,,4.875,0,0,0,0,0,100,"123-123456",4.875,0,0,0,"FHA",,,,,,,,637,508,"Joe",4123,"Michael","San Diego","CA",92109
"ABCD",201145359,"Sternstein",,,,,"Murrieta","CA",92563,12,,0,"FHAVA-F",280000,280000,1400,5.25,"12/19/2011","12/19/2011","2/1/2012","2/1/2042",0,,,1,,"Title Company ABC",,"Murrieta","CA",92563,,,,,,,,,,,,,,"FNMA",22222222,100,"12/20/2011","1/19/2012",,"SFR",1,88.915,88.915,0,773,360,360,"CO",1,280000,"ABC APPRAISAL ","O",3,25.643788,1,0,,,,0,0,0,0,0,280000,0,0,,0,0,"1/1/2012",1,0,0,6,0,0,0,"Single",,33,0,"M",,0,0,0,,13,"9/20/2007",,,"Approve/Eligible",1000100100,0,,10,14,10266,100000000000000000,,0,,5.25,0,0,0,0,0,100,"123-123456",5.25,0,0,0,"FHA",,,,,,,,181,821,"Greg",2121,"Steve","Murrieta","CA",92563
"ABCD",201148009,"Kinnaman",,,,,"Santa Barbara","CA",93105,13,,0,"FHAVA-F",350000,350000,1750,4.5,"12/19/2011","12/19/2011","2/1/2012","2/1/2042",0,,,1,,"Title Company ABC",,"Santa Barbara","CA",93105,,,,,,,,,,,,,,"BOAM",12333333,100,"12/20/2011","1/19/2012",,"SFR",1,50.722,50.722,0,719,360,360,"CO",1,350000,"ABC APPRAISAL ","O",1,33.156344,1,0,,,,0,0,0,0,0,350000,0,0,,0,0,"1/1/2012",1,0,0,0,0,0,0,"Single",,27,0,"M",,0,0,0,,,,,,"Approve/Eligible",1000100100,0,,8,24,10939.17,100000000000000000,,0,,4.5,0,0,0,0,0,100,"123-123456",4.5,0,0,0,"FHA",,,,,,,,781,898,"Cheryl",5678,"David","Santa Barbara","CA",93105
"ABCD",201149257,"Olenyuk",,,,,"Burbank","CA",91504,14,,0,"CONF30F",175000,175000,875,5.875,"12/19/2011","12/19/2011","2/1/2012","2/1/2042",0,,,1,,"Title Company ABC",,"Burbank","CA",91504,,,,,,,,,,,,,,"JPM",1111111,100,"12/20/2011","1/19/2012",,"SFR",1,80,80,0,809,360,360,"P",1,175000,"ABC APPRAISAL ","S",3,29.360949,0,0,,,,0,0,0,0,0,175000,0,0,,0,0,"1/1/2012",1,0,0,0,0,1,1,"Married",,31,0,"M",,0,0,0,,,,,,"Approve/Eligible",1000100100,0,,14,21,19900.41,100000000000000000,,0,,5.875,0,0,0,0,0,100,,5.875,0,0,0,"Conv No PMI",,,,,,,,879,930,"Tim",34561,"Ann","Burbank","CA",91504
"BCDE",201149359,"Rose",,,,,"Torrance","CA",90277,15,19,1,"CONF10F",241800,241800,1209,4.375,"12/19/2011","12/19/2011","2/1/2012","2/1/2022",0,,,1,,"Title company BCD",,"Torrance","CA",90277,,,,,,,,,,,,,,"JPM",1111111,100,"12/20/2011","1/19/2012",,"PUD",1,35.831,35.831,0,713,120,120,"P",1,241800,"BCD APPRAISAL","O",1,46.50168,1,0,,,,,,,,,241800,0,0,,0,0,"1/1/2012",1,0,0,0,0,1,1,"Married",,43,,"M",,0,0,0,,,,,,"Approve/Eligible",1000100100,0,,2,15,20808.22,100000000000000000,,0,,4.375,,,,,0,100,,,0,0,0,"Conv No PMI",,,,,,,,202,416,"Amy",65431,"Wayne","Torrance","CA",90277
"BCDE",201149733,"Fojtik",,,,,"La Jolla","CA",92037,16,20,1,"CONF15F",290000,290000,1450,4.25,"12/19/2011","12/19/2011","2/1/2012","2/1/2027",0,,,1,,"Title company BCD",,"La Jolla","CA",92037,,,,,,,,,,,,,,"JPM",1111111,100,"12/20/2011","1/19/2012",,"SFR",1,45.833,45.833,0,745,180,180,"P",1,290000,"BCD APPRAISAL","O",1,26.098349,1,0,,,,,,,,,290000,0,0,,0,0,"1/1/2012",1,0,0,0,0,1,1,"Married",,66,,"M",,0,0,0,,,,,,"Approve/Eligible",1000100100,0,,6,2,2641.44,100000000000000000,,0,,4.25,,,,,0,100,,,0,0,0,"Conv No PMI",,,,,,,,741,640,"Alan",554646,"Aaron","La Jolla","CA",92037
"BCDE",201149374,"Starr",,,,,"El Cajon","CA",92020,17,21,1,"CONF20F",292575,292575,1462.875,4.99,"12/19/2011","12/19/2011","2/1/2012","2/1/2032",0,,,1,,"Title company BCD",,"El Cajon","CA",92020,,,,,,,,,,,,,,"JPM",1111111,100,"12/20/2011","1/19/2012",,"SFR",1,89.209,89.209,0,735,240,240,"P",1,292575,"BCD APPRAISAL","I",1,33.272985,1,0,,,,,,,,,292575,0,0,,0,0,"1/1/2012",1,0,0,0,0,1,1,"Married",,49,,"M",,0,0,0,,,,,,"Approve/Eligible",1000100100,0,,7,15,35251.64,100000000000000000,,0,,4.99,,,,,0,100,,,0,0,0,"Conv No PMI",,,,,,,,9,663,"Don",66545,"Ken","El Cajon","CA",92020
"BCDE",201149321,"Coronel",,,,,"Milwaukie","OR",97267,18,,1,"CONF25F",188000,188000,940,4.99,"12/19/2011","12/19/2011","2/1/2012","2/1/2037",0,,,1,,"Title company BCD",,"Milwaukie","OR",97267,,,,,,,,,,,,,,"JPM",1111111,100,"12/20/2011","1/19/2012",,"SFR",1,81.698,81.698,0,773,300,300,"P",1,188000,"BCD APPRAISAL","O",1,20.801104,1,0,,,,,,,,,188000,0,0,,0,0,"1/1/2012",1,0,0,0,0,1,1,"Married",,45,,"M",,0,0,0,,,,,,"Approve/Eligible",1000100100,0,,4,0,196.04,100000000000000000,,0,,4.99,,,,,0,100,,,0,0,0,"Conv No PMI",,,,,,,,544,833,"Brian",7516,"Fred","Milwaukie","OR",97267
"BCDE",201149229,"O'Hara",,,,,"Valley Village","CA",91607,19,23,1,"CONF30F",258300,258300,1291.5,5.875,"12/19/2011","12/19/2011","2/1/2012","2/1/2042",0,,,1,,"Title company BCD",,"Valley Village","CA",91607,,,,,,,,,,,,,,"FNMA",22222222,100,"12/20/2011","1/19/2012",,"SFR",1,19.776,19.776,0,752,360,360,"P",1,258300,"BCD APPRAISAL","O",1,25.643788,1,0,,,,,,,,,258300,0,0,,0,0,"1/1/2012",1,0,0,0,0,1,1,"Married",,46,,"M",,0,0,0,,,,,,"Approve/Eligible",1000100100,0,,4,87,148993.24,100000000000000000,,0,,5.875,,,,,0,100,,,0,0,0,"Conv No PMI",,,,,,,,465,680,"Ann",32158,"Dave","Valley Village","CA",91607
"BCDE",201149541,"Kroagman",,,,,"Los Angeles","CA",90059,20,24,1,"CONF525",250000,250000,1250,3.5,"12/19/2011","12/19/2011","2/1/2012","2/1/2042",0,,,1,,"Title company BCD",,"Los Angeles","CA",90059,,,,,,,,,,,,,,"FNMA",22222222,100,"12/20/2011","1/19/2012",,"SFR",1,81.698,81.698,0,658,360,360,"P",1,250000,"BCD APPRAISAL","O",1,33.156344,1,0,,,,,,,,,250000,0,0,,0,0,"1/1/2012",1,0,0,0,0,1,1,"Married",,64,,"M",,0,0,0,,,,,,"Approve/Eligible",1000100100,0,,8,0,209.47,100000000000000000,,0,,3.5,,,,,0,100,,,0,0,0,"Conv No PMI",,,,,,,,581,313,"Amy",65431,"Amy","Los Angeles","CA",90059
"BCDE",201149544,"Vogel",,,,,"Westlake Village","CA",91362,21,25,1,"CONF10F",320000,320000,1600,4,"12/19/2011","12/19/2011","2/1/2012","2/1/2022",0,,,1,,"Title company BCD",,"Westlake Village","CA",91362,,,,,,,,,,,,,,"FNMA",22222222,100,"12/20/2011","1/19/2012",,"PUD",1,19.776,19.776,0,590,120,120,"P",1,320000,"BCD APPRAISAL","O",3,29.360949,0,0,,,,,,,,,320000,0,0,,0,0,"1/1/2012",1,0,0,0,0,1,1,"Married",,33,,"M",,0,0,0,,,,,,"Approve/Eligible",1000100100,0,,12,0,301.07,100000000000000000,,0,,4,,,,,0,100,,,0,0,0,"Conv No PMI",,,,,,,,332,445,"Alan",554646,"Carl","Westlake Village","CA",91362
"BCDE",201149469,"McMurray",,,,,"Pacific Palisades","CA",90272,22,,1,"CONF15F",233000,233000,1165,4,"12/19/2011","12/19/2011","2/1/2012","2/1/2027",0,,,1,,"Title company BCD",,"Pacific Palisades","CA",90272,,,,,,,,,,,,,,"JPM",1111111,100,"12/20/2011","1/19/2012",,"SFR",1,50.722,50.722,0,757,180,180,"P",1,233000,"BCD APPRAISAL","O",1,48.18622,1,0,,,,,,,,,233000,0,0,,0,0,"1/1/2012",1,0,0,0,0,1,1,"Married",,27,,"M",,0,0,0,,,,,,"Approve/Eligible",1000100100,0,,4,0,371.31,100000000000000000,,0,,4,,,,,0,100,,,0,0,0,"Conv No PMI",,,,,,,,737,72,"Don",66545,"Wayne","Pacific Palisades","CA",90272
"BCDE",201149741,"Coronel",,,,,"Lafayette","CA",94549,23,,1,"CONF20F",417000,417000,2085,3.875,"12/19/2011","12/19/2011","2/1/2012","2/1/2032",0,,,1,,"Title company BCD",,"Lafayette","CA",94549,,,,,,,,,,,,,,"JPM",1111111,100,"12/20/2011","1/19/2012",,"SFR",1,80,80,0,708,240,240,"P",1,417000,"BCD APPRAISAL","O",1,46.50168,1,0,,,,,,,,,417000,0,0,,0,0,"1/1/2012",1,0,0,0,0,1,1,"Married",,31,,"M",,0,0,0,,,,,,"Approve/Eligible",1000100100,0,,8,1,1585.86,100000000000000000,,0,,3.875,,,,,0,100,,,0,0,0,"Conv No PMI",,,,,,,,219,409,"Brian",7516,"Aaron","Lafayette","CA",94549
"BCDE",201149253,"Wieberdink",,,,,"Santa Clarita","CA",91354,24,,1,"CONF25F",264000,264000,1320,4.875,"12/19/2011","12/19/2011","2/1/2012","2/1/2037",1,,,1,,"Title company BCD",,"Santa Clarita","CA",91354,,,,,,,,,,,,,,"JPM",1111111,100,"12/20/2011","1/19/2012",,"PUD",1,35.831,35.831,0,741,300,300,"P",1,264000,"BCD APPRAISAL","I",1,26.098349,1,2,"6MOLIBOR",4,"9/1/2015",2,12,2,5,2,264000,0,0,,0,0,"1/1/2012",1,0,0,0,0,1,1,"Married",,49,,"M",,0,0,0,,,,,,"Approve/Eligible",1000100100,0,30,12,33,22272.67,100000000000000000,,0,,4.875,1,0,0,0,0,100,,8.875,0,0,0,"Conv No PMI",,,,,,,,215,499,"Ann",32158,"Ken","Santa Clarita","CA",91354
"BCDE",201149534,"Petrescu",,,,,"SANTA MONICA","CA",90402,25,,1,"CONF30F",185000,185000,925,5.25,"12/19/2011","12/19/2011","2/1/2012","2/1/2042",1,,,1,,"Title company BCD",,"SANTA MONICA","CA",90402,,,,,,,,,,,,,,"FNMA",22222222,100,"12/20/2011","1/19/2012",,"SFR",1,45.833,45.833,0,758,360,360,"R",1,185000,"BCD APPRAISAL","O",1,33.272985,1,3,"6MOLIBOR",4,"9/1/2015",2,12,2,5,2,185000,0,0,,0,0,"1/1/2012",1,0,0,0,0,1,1,"Single",,49,,"M",,0,0,0,,,,,,"Approve/Eligible",1000100100,0,30,10,14,10266,100000000000000000,,0,,5.25,1,0,0,0,0,100,,8.875,0,0,0,"Conv No PMI",,,,,,,,739,168,"Amy",65431,"Fred","SANTA MONICA","CA",90402
"BCDE",201148639,"Serritella",,,,,"Oceanside","CA",92056,26,,1,"CONF525",189000,189000,945,4,"12/19/2011","12/19/2011","2/1/2012","2/1/2042",0,,,1,,"Title company BCD",,"Oceanside","CA",92056,,,,,,,,,,,,,,"BOAM",12333333,100,"12/20/2011","1/19/2012",,"SFR",1,89.209,89.209,0,719,360,360,"P",1,189000,"BCD APPRAISAL","O",1,56.782254,0,0,,,,,,,,,189000,0,0,,0,0,"1/1/2012",1,0,0,0,0,1,1,"Married",,58,,"M",,0,0,0,,,,,,"Approve/Eligible",1000100100,0,,8,24,10939.17,100000000000000000,,0,,4,,,,,0,100,,,0,0,0,"Conv No PMI",,,,,,,,606,96,"Alan",554646,"Dave","Oceanside","CA",92056
"BCDE",201149284,"Trunk",,,,,"Malibu","CA",90265,27,31,1,"CONF10F",212000,212000,1060,3.875,"12/19/2011","12/19/2011","2/1/2012","2/1/2022",0,,,1,,"Title company BCD",,"Malibu","CA",90265,,,,,,,,,,,,,,"BOAM",12333333,100,"12/20/2011","1/19/2012",,"SFR",1,81.698,81.698,0,809,120,120,"CO",1,212000,"BCD APPRAISAL","O",1,47.847961,1,0,,,,,,,,,212000,0,0,,0,0,"1/1/2012",1,0,0,0,0,1,1,"Married",,52,,"M",,0,0,0,,,,,,"Approve/Eligible",1000100100,0,,14,21,19900.41,100000000000000000,,0,,3.875,,,,,0,100,,,0,0,0,"Conv No PMI",,,,,,,,376,155,"Don",66545,"Amy","Malibu","CA",90265
"BCDE",201149063,"Rabuel",,,,,"San Diego","CA",92127,28,,1,"CONF15F",223000,223000,1115,4.875,"12/19/2011","12/19/2011","2/1/2012","2/1/2027",0,,,1,,"Title company BCD",,"San Diego","CA",92127,,,,,,,,,,,,,,"BOAM",12333333,100,"12/20/2011","1/19/2012",,"SFR",1,19.776,19.776,0,713,180,180,"CO",1,223000,"BCD APPRAISAL","O",1,26.671097,1,0,,,,,,,,,223000,0,0,,0,0,"1/1/2012",1,0,0,0,0,1,1,"Married",,43,,"M",,0,0,0,,,,,,"Approve/Eligible",1000100100,0,,2,15,20808.22,100000000000000000,,0,,4.875,,,,,0,100,,,0,0,0,"Conv No PMI",,,,,,,,54,716,"Brian",7516,"Carl","San Diego","CA",92127
"BCDE",201147544,"Ordonez",,,,,"Saugus","CA",91390,29,,1,"CONF20F",290700,290700,1453.5,5.25,"12/19/2011","12/19/2011","2/1/2012","2/1/2032",0,,,1,,"Title company BCD",,"Saugus","CA",91390,,,,,,,,,,,,,,"BOAM",12333333,100,"12/20/2011","1/19/2012",,"SFR",1,47.042,47.042,0,745,240,240,"R",1,290700,"BCD APPRAISAL","O",1,27.037002,1,0,,,,,,,,,290700,0,0,,0,0,"1/1/2012",1,0,0,0,0,1,1,"Divorced",,66,,"M",,0,0,0,,,,,,"Approve/Eligible",1000100100,0,,6,2,2641.44,100000000000000000,,0,,5.25,,,,,0,100,,,0,0,0,"Conv No PMI",,,,,,,,529,503,"Ann",32158,"Ken","Saugus","CA",91390
"BCDE",201149703,"Marquis",,,,,"Beaverton","OR",97007,30,34,1,"CONF25F",616100,616100,3080.5,4.5,"12/19/2011","12/19/2011","2/1/2012","2/1/2037",0,,,1,,"Title company BCD",,"Beaverton","OR",97007,,,,,,,,,,,,,,"BOAM",12333333,100,"12/20/2011","1/19/2012",,"SFR",1,50.722,50.722,0,719,300,300,"P",1,616100,"BCD APPRAISAL","O",1,20.801104,1,0,,,,,,,,,616100,0,0,,0,0,"1/1/2012",1,0,0,0,0,1,1,"Married",,49,,"M",,0,0,0,,,,,,"Approve/Eligible",1000100100,0,,7,15,35251.64,100000000000000000,,0,,4.5,,,,,0,100,,,0,0,0,"Conv No PMI",,,,,,,,244,515,"Amy",65431,"Fred","Beaverton","OR",97007
"BCDE",201149622,"Hyzen",,,,,"Oceanside","CA",92057,31,35,1,"CONF30F",270500,270500,1352.5,4.875,"12/19/2011","12/19/2011","2/1/2012","2/1/2042",0,,,1,,"Title company BCD",,"Oceanside","CA",92057,,,,,,,,,,,,,,"FNMA",22222222,100,"12/20/2011","1/19/2012",,"SFR",1,80,80,0,809,360,360,"P",1,270500,"BCD APPRAISAL","O",3,56.782254,1,0,,,,,,,,,270500,0,0,,0,0,"1/1/2012",1,0,0,0,0,1,1,"Married",,45,,"M",,0,0,0,,,,,,"Approve/Eligible",1000100100,0,,4,0,196.04,100000000000000000,,0,,4.875,,,,,0,100,,,0,0,0,"Conv No PMI",,,,,,,,351,378,"Alan",554646,"Dave","Oceanside","CA",92057
"BCDE",201149441,"Scott",,,,,"San Diego","CA",92111,32,,1,"CONF525",185000,185000,925,5.25,"12/19/2011","12/19/2011","2/1/2012","2/1/2042",0,,,1,,"Title company BCD",,"San Diego","CA",92111,,,,,,,,,,,,,,"GMAC",33333333,100,"12/20/2011","1/19/2012",,"SFR",1,35.831,35.831,0,713,360,360,"P",1,185000,"BCD APPRAISAL","O",1,47.847961,1,0,,,,,,,,,185000,0,0,,0,0,"1/1/2012",1,0,0,0,0,1,1,"Divorced",,46,,"M",,0,0,0,,,,,,"Approve/Eligible",1000100100,0,,4,87,148993.24,100000000000000000,,0,,5.25,,,,,0,100,,,0,0,0,"Conv No PMI",,,,,,,,144,464,"Don",66545,"Amy","San Diego","CA",92111
"BCDE",201149669,"Farrell",,,,,"San Diego","CA",92121,33,,1,"FHAVA-A",504000,504000,2520,4.5,"12/19/2011","12/19/2011","2/1/2012","2/1/2042",0,,,1,,"Title company BCD",,"San Diego","CA",92121,,,,,,,,,,,,,,"JPM",1111111,100,"12/20/2011","1/19/2012",,"PUD",1,45.833,45.833,0,745,360,360,"P",1,504000,"BCD APPRAISAL","O",1,26.671097,1,0,,,,,,,,,504000,0,0,,0,0,"1/1/2012",1,0,0,0,0,1,1,"Married",,64,,"M",,0,0,0,,,,,,"Approve/Eligible",1000100100,0,,8,0,209.47,100000000000000000,,0,,4.5,,,,,0,100,"123-123456",,0,0,0,"FHA",,,,,,,,162,564,"Brian",7516,"Carl","San Diego","CA",92121
"BCDE",201146741,"Brenckman",,,,,"Glendale","CA",91202,34,,1,"FHAVA-A",250000,250000,1250,5.875,"12/19/2011","12/19/2011","2/1/2012","2/1/2042",0,,,1,,"Title company BCD",,"Glendale","CA",91202,,,,,,,,,,,,,,"JPM",1111111,100,"12/20/2011","1/19/2012",,"SFR",1,89.209,89.209,0,735,360,360,"P",1,250000,"BCD APPRAISAL","I",1,27.037002,1,0,,,,,,,,,250000,0,0,,0,0,"1/1/2012",1,0,0,0,0,1,1,"Single",,45,,"M",,0,0,0,,,,,,"Approve/Eligible",1000100100,0,,12,0,301.07,100000000000000000,,0,,5.875,,,,,0,100,"123-123456",,0,0,0,"FHA",,,,,,,,748,502,"Ann",32158,"Wayne","Glendale","CA",91202
"BCDE",201149336,"Preece",,,,,"Milwaukie","OR",97222,35,,1,"FHAVA-A",96000,96000,480,4.375,"12/19/2011","12/19/2011","2/1/2012","2/1/2042",0,,,1,,"Title company BCD",,"Milwaukie","OR",97222,,,,,,,,,,,,,,"JPM",1111111,100,"12/20/2011","1/19/2012",,"PUD",1,79.167,79.167,0,735,360,360,"P",1,96000,"BCD APPRAISAL","O",1,20.801104,1,0,,,,,,,,,96000,0,0,,0,0,"1/1/2012",1,0,0,0,0,1,1,"Married",,46,,"M",,0,0,0,,,,,,"Approve/Eligible",1000100100,0,,4,0,371.31,100000000000000000,,0,,4.375,,,,,0,100,"123-123456",,0,0,0,"FHA",,,,,,,,130,814,"Amy",65431,"Aaron","Milwaukie","OR",97222
"BCDE",201149664,"Julien",,,,,"Los Angeles","CA",90046,36,,1,"FHAVA-F",281673,281673,1408.365,5.875,"12/20/2011","12/20/2011","2/1/2012","2/1/2042",0,,,1,,"Title company BCD",,"Los Angeles","CA",90046,,,,,,,,,,,,,,"JPM",1111111,100,"12/21/2011","1/20/2012",,"SFR",1,45.714,45.714,0,773,360,360,"P",1,281673,"BCD APPRAISAL","S",1,25.643788,1,0,,,,,,,,,281673,0,0,,0,0,"1/1/2012",1,0,0,0,0,1,1,"Married",,64,,"M",,0,0,0,,,,,,"Approve/Eligible",1000100100,0,,8,1,1585.86,100000000000000000,,0,,5.875,,,,,0,100,"123-123456",,0,0,0,"FHA",,,,,,,,100,928,"Alan",554646,"Ken","Los Angeles","CA",90046
"BCDE",201148780,"Dong",,,,,"Torrance","CA",90503,37,,1,"FHAVA-F",295000,295000,1475,4,"12/20/2011","12/20/2011","2/1/2012","2/1/2042",0,,,1,,"Title company BCD",,"Torrance","CA",90503,,,,,,,,,,,,,,"GMAC",33333333,100,"12/21/2011","1/20/2012",,"SFR",1,50.722,50.722,0,752,360,360,"P",1,295000,"BCD APPRAISAL","O",1,33.156344,1,0,,,,,,,,,295000,0,0,,0,0,"1/1/2012",1,0,0,0,0,1,1,"Married",,33,,"M",,0,0,0,,,,,,"Approve/Eligible",1000100100,0,,12,33,22272.67,100000000000000000,,0,,4,,,,,0,100,"123-123456",,0,0,0,"FHA",,,,,,,,665,615,"Don",66545,"Fred","Torrance","CA",90503
"BCDE",201149474,"Goldberg",,,,,"Montebello","CA",90640,38,,1,"CONF15F",304000,304000,1520,4,"12/20/2011","12/20/2011","2/1/2012","2/1/2027",0,,,1,,"Title company BCD",,"Montebello","CA",90640,,,,,,,,,,,,,,"FNMA",22222222,100,"12/21/2011","1/20/2012",,"SFR",1,80,80,0,658,180,180,"P",1,304000,"BCD APPRAISAL","I",1,29.360949,1,0,,,,,,,,,304000,0,0,,0,0,"1/1/2012",1,0,0,0,0,1,1,"Married",,27,,"M",,0,0,0,,,,,,"Approve/Eligible",1000100100,0,,10,14,10266,100000000000000000,,0,,4,,,,,0,100,,,0,0,0,"Conv No PMI",,,,,,,,833,166,"Brian",7516,"Dave","Montebello","CA",90640
"BCDE",201145234,"Blair",,,,,"Orange","CA",92867,39,,1,"CONF20F",625500,625500,3127.5,3.875,"12/20/2011","12/20/2011","2/1/2012","2/1/2032",1,,,1,,"Title company BCD",,"Orange","CA",92867,,,,,,,,,,,,,,"FNMA",22222222,100,"12/21/2011","1/20/2012",,"SFR",1,35.831,35.831,0,590,240,240,"P",1,625500,"BCD APPRAISAL","O",1,48.18622,1,2.25,"6MOLIBOR",4,"9/1/2015",2,12,2,5,2,625500,0,0,,0,0,"1/1/2012",1,0,0,0,0,1,1,"Married",,31,,"M",,0,0,0,,,,,,"Approve/Eligible",1000100100,0,30,8,24,10939.17,100000000000000000,,0,,3.875,1,0,0,0,0,100,,8.875,0,0,0,"Conv No PMI",,,,,,,,987,107,"Ann",32158,"Ken","Orange","CA",92867
"BCDE",201149471,"Esposito",,,,,"Santa Barbara","CA",93109,40,,1,"CONF25F",178500,178500,892.5,3.875,"12/20/2011","12/20/2011","2/1/2012","2/1/2037",0,,,1,,"Title company BCD",,"Santa Barbara","CA",93109,,,,,,,,,,,,,,"FNMA",22222222,100,"12/21/2011","1/20/2012",,"SFR",1,79.167,79.167,0,757,300,300,"P",1,178500,"BCD APPRAISAL","O",1,46.50168,1,0,,,,,,,,,178500,0,0,,0,0,"1/1/2012",1,0,0,0,0,1,1,"Married",,33,,"M",,0,0,0,,,,,,"Approve/Eligible",1000100100,0,,14,21,19900.41,100000000000000000,,0,,3.875,,,,,0,100,,,0,0,0,"Conv No PMI",,,,,,,,346,445,"Ann",32158,"Fred","Santa Barbara","CA",93109
"BCDE",201148956,"Spencer",,,,,"Simi Valley","CA",93063,41,,1,"CONF30F",40000,40000,200,4.5,"12/20/2011","12/20/2011","2/1/2012","2/1/2042",0,,,1,,"Title Company DEF",,"Simi Valley","CA",93063,,,,,,,,,,,,,,"FNMA",22222222,100,"12/21/2011","1/20/2012",,"SFR",1,45.714,45.714,0,708,360,360,"P",1,40000,"BCD APPRAISAL","O",1,26.098349,1,0,,,,,,,,,40000,0,0,,0,0,"1/1/2012",1,0,0,0,0,1,1,"Married",,27,,"M",,0,0,0,,,,,,"Approve/Eligible",1000100100,0,,2,15,20808.22,100000000000000000,,0,,4.5,,,,,0,100,,,0,0,0,"Conv No PMI",,,,,,,,835,882,"Amy",65431,"Dave","Simi Valley","CA",93063
"BCDE",201144944,"Ward",,,,,"West Hollywood","CA",90069,42,,1,"CONF525",360000,360000,1800,5.875,"12/20/2011","12/20/2011","2/1/2012","2/1/2042",1,,,1,,"Title Company DEF",,"West Hollywood","CA",90069,,,,,,,,,,,,,,"GMAC",33333333,100,"12/21/2011","1/20/2012",,"SFR",1,19.776,19.776,0,590,360,360,"CO",1,360000,"BCD APPRAISAL","O",3,33.272985,1,2,"6MOLIBOR",3.5,"9/1/2015",1,12,1,5,2.25,360000,0,0,,0,0,"1/1/2012",1,0,0,0,0,1,1,"Married",,31,,"M",,0,0,0,,,,,,"Approve/Eligible",1000100100,0,30,6,2,2641.44,100000000000000000,,0,,5.875,1,0,0,0,0,100,,8.875,0,0,0,"Conv No PMI",,,,,,,,624,616,"Alan",554646,"Amy","West Hollywood","CA",90069
"BCDE",201149846,"Rau",,,,,"Oceanside","CA",92054,43,13,1,"CONF10F",400000,400000,2000,4.375,"12/20/2011","12/20/2011","2/1/2012","2/1/2022",0,,,1,,"Title Company DEF",,"Oceanside","CA",92054,,,,,,,,,,,,,,"BOAM",12333333,100,"12/21/2011","1/20/2012",,"SFR",1,50.722,50.722,0,757,120,120,"R",1,400000,"BCD APPRAISAL","O",1,56.782254,0,0,,,,,,,,,400000,0,0,,0,0,"1/1/2012",1,0,0,0,0,1,1,"Married",,49,,"M",,0,0,0,,,,,,"Approve/Eligible",1000100100,0,,7,15,35251.64,100000000000000000,,0,,4.375,,,,,0,100,,,0,0,0,"Conv No PMI",,,,,,,,527,265,"Don",66545,"Carl","Oceanside","CA",92054
"BCDE",201148353,"Bourdeau",,,,,"Rancho Palos Verdes","CA",90275,44,14,1,"CONF15F",152000,152000,760,5.875,"12/20/2011","12/20/2011","2/1/2012","2/1/2027",0,,,1,,"Title Company DEF",,"Rancho Palos Verdes","CA",90275,,,,,,,,,,,,,,"GMAC",33333333,100,"12/21/2011","1/20/2012",,"SFR",1,80,80,0,708,180,180,"CO",1,152000,"BCD APPRAISAL","O",1,47.847961,1,0,,,,,,,,,152000,0,0,,0,0,"1/1/2012",1,0,0,0,0,1,1,"Married",,45,,"M",,0,0,0,,,,,,"Approve/Eligible",1000100100,0,,4,0,196.04,100000000000000000,,0,,5.875,,,,,0,100,,,0,0,0,"Conv No PMI",,,,,,,,616,779,"Brian",7516,"Wayne","Rancho Palos Verdes","CA",90275
"BCDE",201147140,"Hamilton",,,,,"Vista","CA",92081,45,,1,"CONF20F",147250,147250,736.25,4,"12/20/2011","12/20/2011","2/1/2012","2/1/2032",0,,,1,,"Title Company DEF",,"Vista","CA",92081,,,,,,,,,,,,,,"GMAC",33333333,100,"12/21/2011","1/20/2012",,"PUD",1,35.831,35.831,0,741,240,240,"CO",1,147250,"BCD APPRAISAL","O",3,26.671097,1,0,,,,,,,,,147250,0,0,,0,0,"1/1/2012",1,0,0,0,0,1,1,"Married",,46,,"M",,0,0,0,,,,,,"Approve/Eligible",1000100100,0,,4,87,148993.24,100000000000000000,,0,,4,,,,,0,100,,,0,0,0,"Conv No PMI",,,,,,,,502,545,"Ann",32158,"Aaron","Vista","CA",92081
"BCDE",201147653,"Cross",,,,,"Santee","CA",92071,46,16,1,"CONF25F",314000,314000,1570,4.99,"12/20/2011","12/20/2011","2/1/2012","2/1/2037",0,,,1,,"Title Company DEF",,"Santee","CA",92071,,,,,,,,,,,,,,"JPM",1111111,100,"12/21/2011","1/20/2012",,"SFR",1,45.833,45.833,0,758,300,300,"P",1,314000,"BCD APPRAISAL","O",1,20.801104,1,0,,,,,,,,,314000,0,0,,0,0,"1/1/2012",1,0,0,0,0,1,1,"Married",,64,,"M",,0,0,0,,,,,,"Approve/Eligible",1000100100,0,,8,0,209.47,100000000000000000,,0,,4.99,,,,,0,100,,,0,0,0,"Conv No PMI",,,,,,,,729,682,"Amy",65431,"Ken","Santee","CA",92071
"BCDE",201149444,"Sabino",,,,,"Culver City","CA",90230,47,17,1,"CONF25F",625500,625500,3127.5,4.99,"12/20/2011","12/20/2011","2/1/2012","2/1/2037",0,,,1,,"Title Company DEF",,"Culver City","CA",90230,,,,,,,,,,,,,,"JPM",1111111,100,"12/21/2011","1/20/2012",,"SFR",1,45.714,45.714,0,708,300,300,"P",1,625500,"BCD APPRAISAL","O",1,25.643788,1,0,,,,,,,,,625500,0,0,,0,0,"1/1/2012",1,0,0,0,0,1,1,"Married",,33,,"M",,0,0,0,,,,,,"Approve/Eligible",1000100100,0,,12,0,301.07,100000000000000000,,0,,4.99,,,,,0,100,,,0,0,0,"Conv No PMI",,,,,,,,357,419,"Alan",554646,"Fred","Culver City","CA",90230
"BCDE",201149269,"Supancic",,,,,"Canyon Country","CA",91387,48,18,1,"CONF30F",136451,136451,682.255,5.875,"12/20/2011","12/20/2011","2/1/2012","2/1/2042",1,,,1,,"Title Company DEF",,"Canyon Country","CA",91387,,,,,,,,,,,,,,"JPM",1111111,100,"12/21/2011","1/20/2012",,"SFR",1,35.831,35.831,0,741,360,360,"P",1,136451,"BCD APPRAISAL","O",1,33.156344,1,3,"6MOLIBOR",4,"9/1/2015",2,12,2,5,2,136451,0,0,,0,0,"1/1/2012",1,0,0,0,0,1,1,"Single",,27,,"M",,0,0,0,,,,,,"Approve/Eligible",1000100100,0,30,4,0,371.31,100000000000000000,,0,,5.875,1,0,0,0,0,100,,8.875,0,0,0,"Conv No PMI",,,,,,,,512,208,"Ann",32158,"Ken","Canyon Country","CA",91387
"BCDE",201149560,"Bitetto",,,,,"Beaverton","OR",97007,49,,1,"CONF525",240000,240000,1200,3.5,"12/20/2011","12/20/2011","2/1/2012","2/1/2042",0,,,1,,"Title Company DEF",,"Beaverton","OR",97007,,,,,,,,,,,,,,"JPM",1111111,100,"12/21/2011","1/20/2012",,"SFR",1,45.833,45.833,0,758,360,360,"R",1,240000,"BCD APPRAISAL","O",1,29.360949,1,0,,,,,,,,,240000,0,0,,0,0,"1/1/2012",1,0,0,0,0,1,1,"Married",,31,,"M",,0,0,0,,,,,,"Approve/Eligible",1000100100,0,,8,1,1585.86,100000000000000000,,0,,3.5,,,,,0,100,,,0,0,0,"Conv No PMI",,,,,,,,272,514,"Amy",65431,"Fred","Beaverton","OR",97007
"BCDE",201149565,"Moore",,,,,"Porter Ranch","CA",91326,50,,1,"CONF10F",330000,330000,1650,4,"12/20/2011","12/20/2011","2/1/2012","2/1/2022",0,,,1,,"Title Company DEF",,"Porter Ranch","CA",91326,,,,,,,,,,,,,,"JPM",1111111,100,"12/21/2011","1/20/2012",,"SFR",1,89.209,89.209,0,719,120,120,"CO",1,330000,"EFG APPRAISAL","O",1,48.18622,1,0,,,,,,,,,330000,0,0,,0,0,"1/1/2012",1,0,0,0,0,1,1,"Married",,45,,"M",,0,0,0,,,,,,"Approve/Eligible",1000100100,0,,12,33,22272.67,100000000000000000,,0,,4,,,,,0,100,,,0,0,0,"Conv No PMI",,,,,,,,823,98,"Alan",554646,"Dave","Porter Ranch","CA",91326
"BCDE",201149372,"Martin",,,,,"Thousand Oaks","CA",91362,51,,1,"CONF15F",410000,410000,2050,4.25,"12/20/2011","12/20/2011","2/1/2012","2/1/2027",0,,,1,,"Title Company DEF",,"Thousand Oaks","CA",91362,,,,,,,,,,,,,,"FNMA",22222222,100,"12/21/2011","1/20/2012",,"SFR",1,81.698,81.698,0,809,180,180,"R",1,410000,"EFG APPRAISAL","O",1,26.671097,1,0,,,,,,,,,410000,0,0,,0,0,"1/1/2012",1,0,0,0,0,1,1,"Married",,46,,"M",,0,0,0,,,,,,"Approve/Eligible",1000100100,0,,10,14,10266,100000000000000000,,0,,4.25,,,,,0,100,,,0,0,0,"Conv No PMI",,,,,,,,93,522,"Don",66545,"Amy","Thousand Oaks","CA",91362
"BCDE",201148544,"Heyck",,,,,"Pipestone","MN",56164,52,,1,"CONF20F",256000,256000,1280,4.99,"12/21/2011","12/21/2011","2/1/2012","2/1/2032",0,,,1,,"Title Company DEF",,"Pipestone","MN",56164,,,,,,,,,,,,,,"GMAC",33333333,100,"12/22/2011","1/21/2012",,"SFR",1,19.776,19.776,0,713,240,240,"CO",1,256000,"EFG APPRAISAL","O",1,27.037002,0,0,,,,,,,,,256000,0,0,,0,0,"1/1/2012",1,0,0,0,0,1,1,"Married",,64,,"M",,0,0,0,,,,,,"Approve/Eligible",1000100100,0,,8,24,10939.17,100000000000000000,,0,,4.99,,,,,0,100,,,0,0,0,"Conv No PMI",,,,,,,,605,960,"Brian",7516,"Carl","Pipestone","MN",56164
"BCDE",201145114,"Palladino",,,,,"Studio City","CA",91604,53,,1,"CONF25F",260000,260000,1300,4.99,"12/21/2011","12/21/2011","2/1/2012","2/1/2037",0,,,1,,"Title Company DEF",,"Studio City","CA",91604,,,,,,,,,,,,,,"BOAM",12333333,100,"12/22/2011","1/21/2012",,"SFR",1,47.042,47.042,0,745,300,300,"P",1,260000,"EFG APPRAISAL","O",1,20.801104,1,0,,,,,,,,,260000,0,0,,0,0,"1/1/2012",1,0,0,0,0,1,1,"Married",,33,,"M",,0,0,0,,,,,,"Approve/Eligible",1000100100,0,,14,21,19900.41,100000000000000000,,0,,4.99,,,,,0,100,,,0,0,0,"Conv No PMI",,,,,,,,559,171,"Ann",32158,"Wayne","Studio City","CA",91604
"BCDE",201149289,"Reynolds",,,,,"Santa Clarita","CA",91354,54,,1,"CONF525",330000,330000,1650,5.875,"12/21/2011","12/21/2011","2/1/2012","2/1/2042",0,,,1,,"Title Company DEF",,"Santa Clarita","CA",91354,,,,,,,,,,,,,,"BOAM",12333333,100,"12/22/2011","1/21/2012",,"SFR",1,93.32,93.32,0,735,360,360,"P",1,330000,"EFG APPRAISAL","O",3,25.643788,1,0,,,,,,,,,330000,0,0,,0,0,"1/1/2012",1,0,0,0,0,1,1,"Married",,27,,"M",,0,0,0,,,,,,"Approve/Eligible",1000100100,0,,2,15,20808.22,100000000000000000,,0,,5.875,,,,,0,100,,,0,0,0,"Conv No PMI",,,,,,,,312,931,"Amy",65431,"Aaron","Santa Clarita","CA",91354
"BCDE",201149167,"Craig",,,,,"Canoga Park","CA",91304,55,,1,"CONF10F",141000,141000,705,3.5,"12/21/2011","12/21/2011","2/1/2012","2/1/2022",0,,,1,,"Title Company DEF",,"Canoga Park","CA",91304,,,,,,,,,,,,,,"BOAM",12333333,100,"12/22/2011","1/21/2012",,"SFR",1,88.915,88.915,0,773,120,120,"P",1,141000,"EFG APPRAISAL","S",1,33.156344,1,0,,,,,,,,,141000,0,0,,0,0,"1/1/2012",1,0,0,0,0,1,1,"Married",,31,,"M",,0,0,0,,,,,,"Approve/Eligible",1000100100,0,,6,2,2641.44,100000000000000000,,0,,3.5,,,,,0,100,,,0,0,0,"Conv No PMI",,,,,,,,821,458,"Alan",554646,"Ken","Canoga Park","CA",91304
"BCDE",201148539,"Centurion-Yedro",,,,,"Carlsbad","CA",92009,56,,1,"FHAVA-A",350874,350874,1754.37,5.875,"12/21/2011","12/21/2011","2/1/2012","2/1/2042",1,,,1,,"Title Company DEF",,"Carlsbad","CA",92009,,,,,,,,,,,,,,"BOAM",12333333,100,"12/22/2011","1/21/2012",,"PUD",1,19.776,19.776,0,590,360,360,"P",1,350874,"EFG APPRAISAL","O",1,29.360949,1,2,"1YRCMT",4,"9/1/2015",2,12,2,5,2,350874,0,0,,0,0,"1/1/2012",1,0,0,0,0,1,1,"Married",,49,,"M",,0,0,0,,,,,,"Approve/Eligible",1000100100,0,30,7,15,35251.64,100000000000000000,,0,,5.875,1,0,0,0,0,100,"123-123456",8.875,0,0,0,"FHA",,,,,,,,298,340,"Don",66545,"Fred","Carlsbad","CA",92009
"BCDE",201149477,"Punt",,,,,"Garden Grove","CA",92840,57,,1,"FHAVA-F",584790,584790,2923.95,3.5,"12/21/2011","12/21/2011","2/1/2012","2/1/2042",0,,,1,,"Title Company DEF",,"Garden Grove","CA",92840,,,,,,,,,,,,,,"BOAM",12333333,100,"12/22/2011","1/21/2012",,"SFR",1,50.722,50.722,0,757,360,360,"P",1,584790,"EFG APPRAISAL","O",1,48.18622,1,0,,,,,,,,,584790,0,0,,0,0,"1/1/2012",1,0,0,0,0,1,1,"Married",,45,,"M",,0,0,0,,,,,,"Approve/Eligible",1000100100,0,,4,0,196.04,100000000000000000,,0,,3.5,,,,,0,100,"123-123456",,0,0,0,"FHA",,,,,,,,918,27,"Brian",7516,"Dave","Garden Grove","CA",92840
"BCDE",201149241,"Hornby",,,,,"Bend","OR",97702,58,,0,"CONF25F",294000,294000,1470,4,"12/21/2011","12/21/2011","2/1/2012","2/1/2037",0,,,1,,"Title Company DEF",,"Bend","OR",97702,,,,,,,,,,,,,,"BOAM",12333333,100,"12/22/2011","1/21/2012",,"SFR",1,80,80,0,708,300,300,"P",1,294000,"EFG APPRAISAL","I",1,46.50168,1,0,,,,,,,,,294000,0,0,,0,0,"1/1/2012",1,0,0,0,0,1,1,"Married",,46,,"M",,0,0,0,,,,,,"Approve/Eligible",1000100100,0,,4,87,148993.24,100000000000000000,,0,,4,,,,,0,100,,,0,0,0,"Conv No PMI",,,,,,,,196,614,"Brian",7516,"Amy","Bend","OR",97702
"BCDE",201149778,"Etchamendy",,,,,"Newport Beach","CA",92663,59,,1,"CONF30F",100000,100000,500,4,"12/21/2011","12/21/2011","2/1/2012","2/1/2042",0,,,1,,"Title Company DEF",,"Newport Beach","CA",92663,,,,,,,,,,,,,,"BOAM",12333333,100,"12/22/2011","1/21/2012",,"SFR",1,35.831,35.831,0,741,360,360,"CO",1,100000,"EFG APPRAISAL","O",1,26.098349,1,0,,,,,,,,,100000,0,0,,0,0,"1/1/2012",1,0,0,0,0,1,1,"Divorced",,64,,"M",,0,0,0,,,,,,"Approve/Eligible",1000100100,0,,8,0,209.47,100000000000000000,,0,,4,,,,,0,100,,,0,0,0,"Conv No PMI",,,,,,,,352,55,"Ann",32158,"Carl","Newport Beach","CA",92663
"BCDE",201149204,"Berroth",,,,,"Lancaster","CA",93536,60,,1,"CONF525",312000,312000,1560,3.875,"12/21/2011","12/21/2011","2/1/2012","2/1/2042",1,,,1,,"Title Company DEF",,"Lancaster","CA",93536,,,,,,,,,,,,,,"BOAM",12333333,100,"12/22/2011","1/21/2012",,"SFR",1,45.833,45.833,0,758,360,360,"R",1,312000,"EFG APPRAISAL","O",1,33.272985,1,2,"6MOLIBOR",4,"9/1/2015",2,12,2,5,2.25,312000,0,0,,0,0,"1/1/2012",1,0,0,0,0,1,1,"Married",,33,,"M",,0,0,0,,,,,,"Approve/Eligible",1000100100,0,30,12,0,301.07,100000000000000000,,0,,3.875,1,0,0,0,0,100,,8.875,0,0,0,"Conv No PMI",,,,,,,,446,530,"Amy",65431,"Ken","Lancaster","CA",93536
"BCDE",201149988,"Johnson",,,,,"Cedar Knolls","NJ",7927,61,,1,"CONF10F",217000,217000,1085,4.875,"12/21/2011","12/21/2011","2/1/2012","2/1/2022",0,,,1,,"Title Company DEF",,"Cedar Knolls","NJ",7927,,,,,,,,,,,,,,"BOAM",12333333,100,"12/22/2011","1/21/2012",,"SFR",1,89.209,89.209,0,719,120,120,"P",1,217000,"EFG APPRAISAL","O",3,56.782254,1,0,,,,,,,,,217000,0,0,,0,0,"1/1/2012",1,0,0,0,0,1,1,"Married",,27,,"M",,0,0,0,,,,,,"Approve/Eligible",1000100100,0,,4,0,371.31,100000000000000000,,0,,4.875,,,,,0,100,,,0,0,0,"Conv No PMI",,,,,,,,441,128,"Alan",554646,"Fred","Cedar Knolls","NJ",7927
"BCDE",201149712,"Kopelman",,,,,"Valencia","CA",91354,62,26,1,"CONF15F",135200,135200,676,4.375,"12/21/2011","12/21/2011","2/1/2012","2/1/2027",0,,,1,,"Title Company DEF",,"Valencia","CA",91354,,,,,,,,,,,,,,"GMAC",33333333,100,"12/22/2011","1/21/2012",,"SFR",1,19.776,19.776,0,590,180,180,"P",1,135200,"EFG APPRAISAL","O",1,47.847961,1,0,,,,,,,,,135200,0,0,,0,0,"1/1/2012",1,0,0,0,0,1,1,"Married",,31,,"M",,0,0,0,,,,,,"Approve/Eligible",1000100100,0,,8,1,1585.86,100000000000000000,,0,,4.375,,,,,0,100,,,0,0,0,"Conv No PMI",,,,,,,,704,434,"Don",66545,"Dave","Valencia","CA",91354
"BCDE",201149597,"Raskin",,,,,"Wilsonville","OR",97070,63,27,1,"CONF20F",206000,206000,1030,4.25,"12/21/2011","12/21/2011","2/1/2012","2/1/2032",0,,,1,,"Title Company DEF",,"Wilsonville","OR",97070,,,,,,,,,,,,,,"FNMA",22222222,100,"12/22/2011","1/21/2012",,"SFR",1,50.722,50.722,0,757,240,240,"P",1,206000,"XYZ APPRAISAL","I",1,26.671097,0,0,,,,,,,,,206000,0,0,,0,0,"1/1/2012",1,0,0,0,0,1,1,"Married",,31,,"M",,0,0,0,,,,,,"Approve/Eligible",1000100100,0,,12,33,22272.67,100000000000000000,,0,,4.25,,,,,0,100,,,0,0,0,"Conv No PMI",,,,,,,,590,995,"Brian",7516,"Amy","Wilsonville","OR",97070
"BCDE",201149940,"Della Ripa",,,,,"Sherman Oaks","CA",91403,64,28,1,"CONF25F",353471,353471,1767.355,4.99,"12/22/2011","12/22/2011","2/1/2012","2/1/2037",0,,,1,,"Title Company DEF",,"Sherman Oaks","CA",91403,,,,,,,,,,,,,,"FNMA",22222222,100,"12/23/2011","1/22/2012",,"SFR",1,80,80,0,708,300,300,"P",1,353471,"XYZ APPRAISAL","O",1,20.801104,1,0,,,,,,,,,353471,0,0,,0,0,"1/1/2012",1,0,0,0,0,1,1,"Married",,49,,"M",,0,0,0,,,,,,"Approve/Eligible",1000100100,0,,10,14,10266,100000000000000000,,0,,4.99,,,,,0,100,,,0,0,0,"Conv No PMI",,,,,,,,603,693,"Ann",32158,"Carl","Sherman Oaks","CA",91403
"EFGH",201149577,"Patenaude",,,,,"Carlsbad","CA",92009,65,29,1,"CONF25F",127000,127000,635,4.99,"12/22/2011","12/22/2011","2/1/2012","2/1/2037",0,,,1,,"Title Company DEF",,"Carlsbad","CA",92009,,,,,,,,,,,,,,"FNMA",22222222,100,"12/23/2011","1/22/2012",,"SFR",1,35.831,35.831,0,741,300,300,"P",1,127000,"XYZ APPRAISAL","O",1,25.643788,1,0,,,,,,,,,127000,0,0,,0,0,"1/1/2012",1,0,0,0,0,1,1,"Married",,58,,"M",,0,0,0,,,,,,"Approve/Eligible",1000100100,0,,8,24,10939.17,100000000000000000,,0,,4.99,,,,,0,100,,,0,0,0,"Conv No PMI",,,,,,,,451,937,"Buck",5555,"Cheryl","Carlsbad","CA",92009
"EFGH",201149828,"Goswamy",,,,,"Northridge","CA",91324,66,30,1,"CONF30F",123000,123000,615,5.875,"12/22/2011","12/22/2011","2/1/2012","2/1/2042",0,,,1,,"Title Company DEF",,"Northridge","CA",91324,,,,,,,,,,,,,,"JPM",1111111,100,"12/23/2011","1/22/2012",,"SFR",1,45.833,45.833,0,758,360,360,"P",1,123000,"XYZ APPRAISAL","O",3,33.156344,1,0,,,,,,,,,123000,0,0,,0,0,"1/1/2012",1,0,0,0,0,1,1,"Married",,52,,"M",,0,0,0,,,,,,"Approve/Eligible",1000100100,0,,14,21,19900.41,100000000000000000,,0,,5.875,,,,,0,100,,,0,0,0,"Conv No PMI",,,,,,,,721,808,"Steven",4444,"David","Northridge","CA",91324
"EFGH",201148972,"Galati",,,,,"Burbank","CA",91506,67,,1,"CONF525",260000,260000,1300,3.5,"12/22/2011","12/22/2011","2/1/2012","2/1/2042",0,,,1,,"Title Company DEF",,"Burbank","CA",91506,,,,,,,,,,,,,,"JPM",1111111,100,"12/23/2011","1/22/2012",,"SFR",1,89.209,89.209,0,719,360,360,"P",1,260000,"XYZ APPRAISAL","O",1,29.360949,1,0,,,,,,,,,260000,0,0,,0,0,"1/1/2012",1,0,0,0,0,1,1,"Single",,43,,"M",,0,0,0,,,,,,"Approve/Eligible",1000100100,0,,12,0,301.07,100000000000000000,,0,,3.5,,,,,0,100,,,0,0,0,"Conv No PMI",,,,,,,,704,620,"Thomas",3333,"Aaron","Burbank","CA",91506
"EFGH",201148342,"Oliver",,,,,"Portland","OR",97223,68,,1,"CONF15F",228000,228000,1140,3.875,"12/22/2011","12/22/2011","2/1/2012","2/1/2027",1,,,1,,"Title Company DEF",,"Portland","OR",97223,,,,,,,,,,,,,,"JPM",1111111,100,"12/23/2011","1/22/2012",,"SFR",1,81.698,81.698,0,809,180,180,"R",1,228000,"XYZ APPRAISAL","O",1,48.18622,1,3,"6MOLIBOR",0,"12/1/2014",2,12,2,5,2,228000,0,0,,0,0,"1/1/2012",1,0,0,0,0,1,1,"Married",,45,,"M",,0,0,0,,,,,,"Approve/Eligible",1000100100,0,30,4,0,371.31,100000000000000000,,0,,3.875,1,0,0,0,0,100,,8.875,0,0,0,"Conv No PMI",,,,,,,,115,551,"Matthew",2222,"Tracy","Portland","OR",97223
"EFGH",201149751,"Delocht",,,,,"San Francisco","CA",94115,69,,1,"CONF20F",801950,801950,4009.75,4.875,"12/22/2011","12/22/2011","2/1/2012","2/1/2032",0,,,1,,"Title Company DEF",,"San Francisco","CA",94115,,,,,,,,,,,,,,"JPM",1111111,100,"12/23/2011","1/22/2012",,"SFR",1,19.776,19.776,0,713,240,240,"P",1,801950,"XYZ APPRAISAL","O",3,46.50168,1,0,,,,,,,,,801950,0,0,,0,0,"1/1/2012",1,0,0,0,0,1,1,"Married",,46,,"M",,0,0,0,,,,,,"Approve/Eligible",1000100100,0,,8,1,1585.86,100000000000000000,,0,,4.875,,,,,0,100,,,0,0,0,"Conv No PMI",,,,,,,,554,975,"Eric",1111,"Don","San Francisco","CA",94115
"EFGH",201146570,"Carroll",,,,,"Mill Valley","CA",94941,70,,1,"CONF25F",458000,458000,2290,4.5,"12/22/2011","12/22/2011","2/1/2012","2/1/2037",1,,,1,,"Title Company DEF",,"Mill Valley","CA",94941,,,,,,,,,,,,,,"JPM",1111111,100,"12/23/2011","1/22/2012",,"SFR",1,81.698,81.698,0,809,300,300,"CO",1,458000,"XYZ APPRAISAL","O",1,26.098349,1,2,"1YRCMT",3.875,"12/1/2014",1,12,1,5,2,458000,0,0,,0,0,"1/1/2012",1,0,0,0,0,1,1,"Married",,64,,"M",,0,0,0,,,,,,"Approve/Eligible",1000100100,0,30,12,33,22272.67,100000000000000000,,0,,4.5,1,0,0,0,0,100,,8.875,0,0,0,"Conv No PMI",,,,,,,,690,728,"Fred",123456,"Kevin","Mill Valley","CA",94941
"EFGH",201147282,"Allen",,,,,"San Jose","CA",95122,71,,1,"CONF30F",478507,478507,2392.535,4,"12/22/2011","12/22/2011","2/1/2012","2/1/2042",0,,,1,,"Title Company DEF",,"San Jose","CA",95122,,,,,,,,,,,,,,"JPM",1111111,100,"12/23/2011","1/22/2012",,"PUD",1,19.776,19.776,0,713,360,360,"CO",1,478507,"XYZ APPRAISAL","O",1,33.272985,1,0,,,,,,,,,478507,0,0,,0,0,"1/1/2012",1,0,0,0,0,1,1,"Married",,33,,"M",,0,0,0,,,,,,"Approve/Eligible",1000100100,0,,10,14,10266,100000000000000000,,0,,4,,,,,0,100,,,0,0,0,"Conv No PMI",,,,,,,,461,996,"Buck",5555,"Cheryl","San Jose","CA",95122
"EFGH",201145735,"Gallen",,,,,"Los Angeles","CA",90025,72,,0,"CONF525",255000,255000,1275,3.875,"12/22/2011","12/22/2011","2/1/2012","2/1/2042",0,,,1,,"Title Company DEF",,"Los Angeles","CA",90025,,,,,,,,,,,,,,"GMAC",33333333,100,"12/23/2011","1/22/2012",,"SFR",1,80,80,0,708,360,360,"P",1,255000,"XYZ APPRAISAL","S",1,56.782254,0,0,,,,,,,,,255000,0,0,,0,0,"1/1/2012",1,0,0,0,0,1,1,"Married",,27,,"M",,0,0,0,,,,,,"Approve/Eligible",1000100100,0,,8,24,10939.17,100000000000000000,,0,,3.875,,,,,0,100,,,0,0,0,"Conv No PMI",,,,,,,,388,856,"Thomas",3333,"David","Los Angeles","CA",90025
"EFGH",201149687,"Clark",,,,,"Studio City","CA",91602,73,,1,"FHAVA-A",402000,402000,2010,4.875,"12/22/2011","12/22/2011","2/1/2012","2/1/2042",0,,,1,,"Title Company DEF",,"Studio City","CA",91602,,,,,,,,,,,,,,"FNMA",22222222,100,"12/23/2011","1/22/2012",,"SFR",1,35.831,35.831,0,741,360,360,"P",1,402000,"XYZ APPRAISAL","O",1,56.782254,0,0,,,,,,,,,402000,0,0,,0,0,"1/1/2012",1,0,0,0,0,1,1,"Married",,31,,"M",,0,0,0,,,,,,"Approve/Eligible",1000100100,0,,14,21,19900.41,100000000000000000,,0,,4.875,,,,,0,100,"123-123456",,0,0,0,"FHA",,,,,,,,314,343,"Matthew",2222,"Aaron","Studio City","CA",91602
"EFGH",201149578,"Ehrich",,,,,"Gresham","OR",97030,74,15,1,"FHAVA-A",862500,862500,4312.5,4.375,"12/22/2011","12/22/2011","2/1/2012","2/1/2042",0,,,1,,"Title Company DEF",,"Gresham","OR",97030,,,,,,,,,,,,,,"FNMA",22222222,100,"12/23/2011","1/22/2012",,"PUD",1,81.698,81.698,0,809,360,360,"P",1,862500,"XYZ APPRAISAL","O",1,29.360949,1,0,,,,,,,,,862500,0,0,,0,0,"1/1/2012",1,0,0,0,0,1,1,"Married",,27,,"M",,0,0,0,,,,,,"Approve/Eligible",1000100100,0,,2,15,20808.22,100000000000000000,,0,,4.375,,,,,0,100,"123-123456",,0,0,0,"FHA",,,,,,,,989,261,"Thomas",3333,"Tracy","Gresham","OR",97030
"EFGH",201149652,"Amirian",,,,,"Bellflower","CA",90706,75,,1,"CONF25F",248535,248535,1242.675,4.25,"12/22/2011","12/22/2011","2/1/2012","2/1/2037",0,,,1,,"Title Company DEF",,"Bellflower","CA",90706,,,,,,,,,,,,,,"GMAC",33333333,100,"12/23/2011","1/22/2012",,"SFR",1,19.776,19.776,0,713,300,300,"CO",1,248535,"XYZ APPRAISAL","O",1,48.18622,1,0,,,,,,,,,248535,0,0,,0,0,"1/1/2012",1,0,0,0,0,1,1,"Married",,31,,"M",,0,0,0,,,,,,"Approve/Eligible",1000100100,0,,6,2,2641.44,100000000000000000,,0,,4.25,,,,,0,100,,,0,0,0,"Conv No PMI",,,,,,,,4,634,"Matthew",2222,"Don","Bellflower","CA",90706
"EFGH",201149456,"Luskin",,,,,"Los Angeles","CA",90029,76,,1,"CONF30F",172000,172000,860,4.99,"12/22/2011","12/22/2011","2/1/2012","2/1/2042",0,,,1,,"Title Company DEF",,"Los Angeles","CA",90029,,,,,,,,,,,,,,"BOAM",12333333,100,"12/23/2011","1/22/2012",,"SFR",1,93.32,93.32,0,735,360,360,"R",1,172000,"XYZ APPRAISAL","O",1,46.50168,0,0,,,,,,,,,172000,0,0,,0,0,"1/1/2012",1,0,0,0,0,1,1,"Married",,49,,"M",,0,0,0,,,,,,"Approve/Eligible",1000100100,0,,7,15,35251.64,100000000000000000,,0,,4.99,,,,,0,100,,,0,0,0,"Conv No PMI",,,,,,,,817,889,"Fred",123456,"Kevin","Los Angeles","CA",90029
"EFGH",201149976,"Backman",,,,,"Los Angeles","CA",90004,77,,1,"CONF525",100000,100000,500,4.99,"12/22/2011","12/22/2011","2/1/2012","2/1/2042",1,,,1,,"Title Company DEF",,"Los Angeles","CA",90004,,,,,,,,,,,,,,"BOAM",12333333,100,"12/23/2011","1/22/2012",,"SFR",1,88.915,88.915,0,773,360,360,"P",1,100000,"XYZ APPRAISAL","I",1,33.272985,1,2,"1YRCMT",3.875,"12/1/2014",1,12,1,5,2,100000,0,0,,0,0,"1/1/2012",1,0,0,0,0,1,1,"Married",,45,,"M",,0,0,0,,,,,,"Approve/Eligible",1000100100,0,30,4,0,196.04,100000000000000000,,0,,4.99,1,0,0,0,0,100,,8.875,0,0,0,"Conv No PMI",,,,,,,,718,943,"Buck",5555,"Aaron","Los Angeles","CA",90004
"EFGH",201149462,"Rambo",,,,,"Woodburn","OR",97071,78,,1,"CONF10F",485300,485300,2426.5,5.875,"12/22/2011","12/22/2011","2/1/2012","2/1/2022",0,,,1,,"Title Company HIJ",,"Woodburn","OR",97071,,,,,,,,,,,,,,"BOAM",12333333,100,"12/23/2011","1/22/2012",,"SFR",1,96.498,96.498,0,752,120,120,"P",1,485300,"XYZ APPRAISAL","O",3,56.782254,0,0,,,,,,,,,485300,0,0,,0,0,"1/1/2012",1,0,0,0,0,1,1,"Married",,46,,"M",,0,0,0,,,,,,"Approve/Eligible",1000100100,0,,4,87,148993.24,100000000000000000,,0,,5.875,,,,,0,100,,,0,0,0,"Conv No PMI",,,,,,,,361,53,"Matthew",2222,"Tracy","Woodburn","OR",97071
"EFGH",201150096,"Hodo",,,,,"Encino","CA",91316,79,,1,"CONF15F",166000,166000,830,3.5,"12/22/2011","12/22/2011","2/1/2012","2/1/2027",0,,,1,,"Title Company HIJ",,"Encino","CA",91316,,,,,,,,,,,,,,"GMAC",33333333,100,"12/23/2011","1/22/2012",,"SFR",1,79.167,79.167,0,658,180,180,"P",1,166000,"XYZ APPRAISAL","O",1,47.847961,1,0,,,,,,,,,166000,0,0,,0,0,"1/1/2012",1,0,0,0,0,1,1,"Married",,64,,"M",,0,0,0,,,,,,"Approve/Eligible",1000100100,0,,8,0,209.47,100000000000000000,,0,,3.5,,,,,0,100,,,0,0,0,"Conv No PMI",,,,,,,,328,96,"Thomas",3333,"Don","Encino","CA",91316
"EFGH",201150040,"Hoy",,,,,"Scottsdale","AZ",85251,80,32,1,"CONF20F",366000,366000,1830,3.875,"12/22/2011","12/22/2011","2/1/2012","2/1/2032",0,,,1,,"Title Company HIJ",,"Scottsdale","AZ",85251,,,,,,,,,,,,,,"GMAC",33333333,100,"12/23/2011","1/22/2012",,"SFR",1,45.714,45.714,0,590,240,240,"P",1,366000,"XYZ APPRAISAL","O",1,26.671097,1,0,,,,,,,,,366000,0,0,,0,0,"1/1/2012",1,0,0,0,0,1,1,"Married",,33,,"M",,0,0,0,,,,,,"Approve/Eligible",1000100100,0,,12,0,301.07,100000000000000000,,0,,3.875,,,,,0,100,,,0,0,0,"Conv No PMI",,,,,,,,991,457,"Matthew",2222,"Kevin","Scottsdale","AZ",85251
"EFGH",201149168,"Zhu",,,,,"Los Angeles","CA",90049,81,33,1,"CONF25F",85000,85000,425,4.875,"12/22/2011","12/22/2011","2/1/2012","2/1/2037",0,,,1,,"Title Company HIJ",,"Los Angeles","CA",90049,,,,,,,,,,,,,,"GMAC",33333333,100,"12/23/2011","1/22/2012",,"SFR",1,50.722,50.722,0,757,300,300,"P",1,85000,"XYZ APPRAISAL","O",1,20.801104,1,0,,,,,,,,,85000,0,0,,0,0,"1/1/2012",1,0,0,0,0,1,1,"Married",,27,,"M",,0,0,0,,,,,,"Approve/Eligible",1000100100,0,,12,0,301.07,100000000000000000,,0,,4.875,,,,,0,100,,,0,0,0,"Conv No PMI",,,,,,,,183,152,"Fred",123456,"Cheryl","Los Angeles","CA",90049
"EFGH",201148440,"Preiss",,,,,"Castaic","CA",91384,82,,1,"CONF30F",496000,496000,2480,4.99,"12/22/2011","12/22/2011","2/1/2012","2/1/2042",0,,,1,,"Title Company HIJ",,"Castaic","CA",91384,,,,,,,,,,,,,,"JPM",1111111,100,"12/23/2011","1/22/2012",,"SFR",1,80,80,0,708,360,360,"P",1,496000,"XYZ APPRAISAL","O",1,25.643788,1,0,,,,,,,,,496000,0,0,,0,0,"1/1/2012",1,0,0,0,0,1,1,"Divorced",,31,,"M",,0,0,0,,,,,,"Approve/Eligible",1000100100,0,,4,0,371.31,100000000000000000,,0,,4.99,,,,,0,100,,,0,0,0,"Conv No PMI",,,,,,,,421,618,"Buck",5555,"David","Castaic","CA",91384
"EFGH",201150008,"Middleton",,,,,"Gresham","OR",97030,83,,1,"CONF525",230000,230000,1150,5.875,"12/22/2011","12/22/2011","2/1/2012","2/1/2042",0,,,1,,"Title Company HIJ",,"Gresham","OR",97030,,,,,,,,,,,,,,"JPM",1111111,100,"12/23/2011","1/22/2012",,"SFR",1,35.831,35.831,0,741,360,360,"P",1,230000,"XYZ APPRAISAL","O",1,33.156344,1,0,,,,,,,,,230000,0,0,,0,0,"1/1/2012",1,0,0,0,0,1,1,"Married",,46,,"M",,0,0,0,,,,,,"Approve/Eligible",1000100100,0,,8,1,1585.86,100000000000000000,,0,,5.875,,,,,0,100,,,0,0,0,"Conv No PMI",,,,,,,,596,416,"Steven",4444,"Aaron","Gresham","OR",97030
"EFGH",201149396,"Halagarda",,,,,"Simi Valley","CA",93063,84,,1,"CONF10F",178800,178800,894,3.5,"12/22/2011","12/22/2011","2/1/2012","2/1/2022",0,,,1,,"Title Company HIJ",,"Simi Valley","CA",93063,,,,,,,,,,,,,,"JPM",1111111,100,"12/23/2011","1/22/2012",,"SFR",1,45.833,45.833,0,758,120,120,"P",1,178800,"XYZ APPRAISAL","O",1,29.360949,1,0,,,,,,,,,178800,0,0,,0,0,"1/1/2012",1,0,0,0,0,1,1,"Married",,64,,"M",,0,0,0,,,,,,"Approve/Eligible",1000100100,0,,12,33,22272.67,100000000000000000,,0,,3.5,,,,,0,100,,,0,0,0,"Conv No PMI",,,,,,,,742,323,"Thomas",3333,"Tracy","Simi Valley","CA",93063
"EFGH",201149935,"Heacock",,,,,"Covina","CA",91724,85,,1,"CONF15F",216000,216000,1080,4,"12/22/2011","12/22/2011","2/1/2012","2/1/2027",1,,,1,,"Title Company HIJ",,"Covina","CA",91724,,,,,,,,,,,,,,"JPM",1111111,100,"12/23/2011","1/22/2012",,"SFR",1,89.209,89.209,0,719,180,180,"P",1,216000,"XYZ APPRAISAL","O",1,48.18622,1,2,"5YRCMT",3.875,"12/1/2014",1,12,1,5,2,216000,0,0,,0,0,"1/1/2012",1,0,0,0,0,1,1,"Married",,33,,"M",,0,0,0,,,,,,"Approve/Eligible",1000100100,0,30,10,14,10266,100000000000000000,,0,,4,1,0,0,0,0,100,,8.875,0,0,0,"Conv No PMI",,,,,,,,733,549,"Matthew",2222,"Don","Covina","CA",91724
"EFGH",201145759,"Dunn",,,,,"Cardiff By The Sea","CA",92007,86,,1,"CONF20F",417000,417000,2085,4.25,"12/22/2011","12/22/2011","2/1/2012","2/1/2032",0,,,1,,"Title Company HIJ",,"Cardiff By The Sea","CA",92007,,,,,,,,,,,,,,"JPM",1111111,100,"12/23/2011","1/22/2012",,"SFR",1,81.698,81.698,0,809,240,240,"P",1,417000,"XYZ APPRAISAL","O",3,33.272985,1,0,,,,,,,,,417000,0,0,,0,0,"1/1/2012",1,0,0,0,0,1,1,"Single",,27,,"M",,0,0,0,,,,,,"Approve/Eligible",1000100100,0,,8,24,10939.17,100000000000000000,,0,,4.25,,,,,0,100,,,0,0,0,"Conv No PMI",,,,,,,,416,875,"Matthew",2222,"Kevin","Cardiff By The Sea","CA",92007
"EFGH",201149582,"Gutierrez",,,,,"Tustin","CA",92782,87,,1,"CONF25F",267500,267500,1337.5,4.99,"12/22/2011","12/22/2011","2/1/2012","2/1/2037",0,,,1,,"Title Company HIJ",,"Tustin","CA",92782,,,,,,,,,,,,,,"JPM",1111111,100,"12/23/2011","1/22/2012",,"SFR",1,19.776,19.776,0,713,300,300,"P",1,267500,"XYZ APPRAISAL","O",1,56.782254,1,0,,,,,,,,,267500,0,0,,0,0,"1/1/2012",1,0,0,0,0,1,1,"Married",,31,,"M",,0,0,0,,,,,,"Approve/Eligible",1000100100,0,,14,21,19900.41,100000000000000000,,0,,4.99,,,,,0,100,,,0,0,0,"Conv No PMI",,,,,,,,40,664,"Eric",1111,"Kevin","Tustin","CA",92782
"HIJK",201150125,"Kuhnke",,,,,"Vancouver","WA",98685,88,,1,"CONF30F",394000,394000,1970,4.99,"12/23/2011","12/23/2011","2/1/2012","2/1/2042",0,,,1,,"Title Company HIJ",,"Vancouver","WA",98685,,,,,,,,,,,,,,"JPM",1111111,100,"12/24/2011","1/23/2012",,"SFR",1,80,80,0,708,360,360,"P",1,394000,"XYZ APPRAISAL","O",1,47.847961,1,0,,,,,,,,,394000,0,0,,0,0,"1/1/2012",1,0,0,0,0,1,1,"Married",,31,,"M",,0,0,0,,,,,,"Approve/Eligible",1000100100,0,,2,15,20808.22,100000000000000000,,0,,4.99,,,,,0,100,,,0,0,0,"Conv No PMI",,,,,,,,651,576,"Pamela",9876,"Alan","Vancouver","WA",98685
"HIJK",201147482,"Sepulveda",,,,,"Chino","CA",91710,89,,1,"CONF525",417000,417000,2085,5.875,"12/23/2011","12/23/2011","2/1/2012","2/1/2042",0,,,1,,"Title Company HIJ",,"Chino","CA",91710,,,,,,,,,,,,,,"FNMA",22222222,100,"12/24/2011","1/23/2012",,"PUD",1,89.209,89.209,0,719,360,360,"R",1,417000,"XYZ APPRAISAL","O",1,26.671097,1,0,,,,,,,,,417000,0,0,,0,0,"1/1/2012",1,0,0,0,0,1,1,"Married",,49,,"M",,0,0,0,,,,,,"Approve/Eligible",1000100100,0,,6,2,2641.44,100000000000000000,,0,,5.875,,,,,0,100,,,0,0,0,"Conv No PMI",,,,,,,,613,488,"Alan",654,"Greg","Chino","CA",91710
"HIJK",201148886,"Stahl",,,,,"Carlsbad","CA",92009,90,,1,"FHAVA-A",241000,241000,1205,4.99,"12/23/2011","12/23/2011","2/1/2012","2/1/2042",0,,,1,,"Title Company HIJ",,"Carlsbad","CA",92009,,,,,,,,,,,,,,"FNMA",22222222,100,"12/24/2011","1/23/2012",,"SFR",1,81.698,81.698,0,809,360,360,"P",1,241000,"XYZ APPRAISAL","I",1,33.272985,1,0,,,,,,,,,241000,0,0,,0,0,"1/1/2012",1,0,0,0,0,1,1,"Married",,49,,"M",,0,0,0,,,,,,"Approve/Eligible",1000100100,0,,7,15,35251.64,100000000000000000,,0,,4.99,,,,,0,100,"123-123456",,0,0,0,"FHA",,,,,,,,393,720,"Jane",321,"Amy","Carlsbad","CA",92009
"HIJK",201149991,"Brundage",,,,,"San Diego","CA",92101,91,22,1,"FHAVA-A",160000,160000,800,5.875,"12/23/2011","12/23/2011","2/1/2012","2/1/2042",0,,,1,,"Title Company HIJ",,"San Diego","CA",92101,,,,,,,,,,,,,,"FNMA",22222222,100,"12/24/2011","1/23/2012",,"SFR",1,19.776,19.776,0,713,360,360,"CO",1,160000,"XYZ APPRAISAL","O",3,56.782254,1,0,,,,,,,,,160000,0,0,,0,0,"1/1/2012",1,0,0,0,0,1,1,"Married",,58,,"M",,0,0,0,,,,,,"Approve/Eligible",1000100100,0,,4,0,196.04,100000000000000000,,0,,5.875,,,,,0,100,"123-123456",,0,0,0,"FHA",,,,,,,,96,106,"Trena",9513,"Ralph","San Diego","CA",92101
"HIJK",201149875,"Anselm",,,,,"Glendale","CA",91203,92,,1,"CONF25F",403500,403500,2017.5,3.5,"12/23/2011","12/23/2011","2/1/2012","2/1/2037",0,,,1,,"Title Company HIJ",,"Glendale","CA",91203,,,,,,,,,,,,,,"BOAM",12333333,100,"12/24/2011","1/23/2012",,"SFR",1,80,80,0,708,300,300,"CO",1,403500,"JKL APPRAISAL","S",1,47.847961,1,0,,,,,,,,,403500,0,0,,0,0,"1/1/2012",1,0,0,0,0,1,1,"Married",,52,,"M",,0,0,0,,,,,,"Approve/Eligible",1000100100,0,,4,87,148993.24,100000000000000000,,0,,3.5,,,,,0,100,,,0,0,0,"Conv No PMI",,,,,,,,53,616,"Candy",7531,"Alan","Glendale","CA",91203
"HIJK",201149579,"Keith",,,,,"Downey","CA",90241,93,,1,"CONF30F",1022000,1022000,5110,3.875,"12/23/2011","12/23/2011","2/1/2012","2/1/2042",0,,,1,,"Title Company HIJ",,"Downey","CA",90241,,,,,,,,,,,,,,"BOAM",12333333,100,"12/24/2011","1/23/2012",,"SFR",1,35.831,35.831,0,741,360,360,"P",1,1022000,"JKL APPRAISAL","O",1,26.671097,0,0,,,,,,,,,1022000,0,0,,0,0,"1/1/2012",1,0,0,0,0,1,1,"Married",,43,,"M",,0,0,0,,,,,,"Approve/Eligible",1000100100,0,,8,0,209.47,100000000000000000,,0,,3.875,,,,,0,100,,,0,0,0,"Conv No PMI",,,,,,,,96,153,"Kevin",987465,"Stephen","Downey","CA",90241
"HIJK",201148832,"Lafferty",,,,,"Arleta","CA",91331,94,,0,"CONF525",522269,522269,2611.345,4.875,"12/23/2011","12/23/2011","2/1/2012","2/1/2042",1,,,1,,"Title Company HIJ",,"Arleta","CA",91331,,,,,,,,,,,,,,"BOAM",12333333,100,"12/24/2011","1/23/2012",,"SFR",1,45.833,45.833,0,758,360,360,"P",1,522269,"JKL APPRAISAL","O",1,20.801104,1,2,"6MOLIBOR",3.875,"12/1/2014",1,12,1,5,2,522269,0,0,,0,0,"1/1/2012",1,0,0,0,0,1,1,"Divorced",,66,,"M",,0,0,0,,,,,,"Approve/Eligible",1000100100,0,30,12,0,301.07,100000000000000000,,0,,4.875,1,0,0,0,0,100,,8.875,0,0,0,"Conv No PMI",,,,,,,,687,100,"Pamela",9876,"Beverly","Arleta","CA",91331
"HIJK",201148993,"Hoang",,,,,"Salinas","CA",93907,95,,1,"CONF10F",504000,504000,2520,4.99,"12/23/2011","12/23/2011","2/1/2012","2/1/2022",0,,,1,,"Title Company HIJ",,"Salinas","CA",93907,,,,,,,,,,,,,,"GMAC",33333333,100,"12/24/2011","1/23/2012",,"SFR",1,89.209,89.209,0,719,120,120,"P",1,504000,"JKL APPRAISAL","O",1,25.643788,1,0,,,,,,,,,504000,0,0,,0,0,"1/1/2012",1,0,0,0,0,1,1,"Married",,49,,"M",,0,0,0,,,,,,"Approve/Eligible",1000100100,0,,4,0,371.31,100000000000000000,,0,,4.99,,,,,0,100,,,0,0,0,"Conv No PMI",,,,,,,,656,308,"Alan",654,"Tracy","Salinas","CA",93907
"HIJK",201147776,"Steinhauer",,,,,"Portland","OR",97229,96,,1,"CONF15F",327200,327200,1636,5.875,"12/23/2011","12/23/2011","2/1/2012","2/1/2027",0,,,1,,"Title Company HIJ",,"Portland","OR",97229,,,,,,,,,,,,,,"GMAC",33333333,100,"12/24/2011","1/23/2012",,"SFR",1,81.698,81.698,0,809,180,180,"P",1,327200,"JKL APPRAISAL","I",3,33.156344,1,0,,,,,,,,,327200,0,0,,0,0,"1/1/2012",1,0,0,0,0,1,1,"Married",,45,,"M",,0,0,0,,,,,,"Approve/Eligible",1000100100,0,,8,1,1585.86,100000000000000000,,0,,5.875,,,,,0,100,,,0,0,0,"Conv No PMI",,,,,,,,547,90,"Jane",321,"Alan","Portland","OR",97229
"HIJK",201147471,"Stead",,,,,"Altadena","CA",91001,97,,1,"CONF20F",301000,301000,1505,3.5,"12/23/2011","12/23/2011","2/1/2012","2/1/2032",0,,,1,,"Title Company HIJ",,"Altadena","CA",91001,,,,,,,,,,,,,,"JPM",1111111,100,"12/24/2011","1/23/2012",,"PUD",1,19.776,19.776,0,713,240,240,"P",1,301000,"JKL APPRAISAL","O",1,29.360949,1,0,,,,,,,,,301000,0,0,,0,0,"1/1/2012",1,0,0,0,0,1,1,"Married",,46,,"M",,0,0,0,,,,,,"Approve/Eligible",1000100100,0,,12,33,22272.67,100000000000000000,,0,,3.5,,,,,0,100,,,0,0,0,"Conv No PMI",,,,,,,,407,908,"Pamela",9876,"Stephen","Altadena","CA",91001
"HIJK",201149905,"Fahmie",,,,,"Bend","OR",97701,98,,1,"CONF25F",200900,200900,1004.5,4,"12/23/2011","12/23/2011","2/1/2012","2/1/2037",0,,,1,,"Title Company HIJ",,"Bend","OR",97701,,,,,,,,,,,,,,"JPM",1111111,100,"12/24/2011","1/23/2012",,"SFR",1,47.042,47.042,0,745,300,300,"R",1,200900,"JKL APPRAISAL","O",1,48.18622,1,0,,,,,,,,,200900,0,0,,0,0,"1/1/2012",1,0,0,0,0,1,1,"Single",,64,,"M",,0,0,0,,,,,,"Approve/Eligible",1000100100,0,,10,14,10266,100000000000000000,,0,,4,,,,,0,100,,,0,0,0,"Conv No PMI",,,,,,,,359,929,"Alan",654,"Beverly","Bend","OR",97701
"HIJK",201148154,"Yrazabal",,,,,"North Hills","CA",91343,99,,1,"CONF30F",270000,270000,1350,4.25,"12/23/2011","12/23/2011","2/1/2012","2/1/2042",0,,,1,,"Title Company HIJ",,"North Hills","CA",91343,,,,,,,,,,,,,,"JPM",1111111,100,"12/24/2011","1/23/2012",,"SFR",1,93.32,93.32,0,735,360,360,"P",1,270000,"JKL APPRAISAL","S",1,47.847961,1,0,,,,,,,,,270000,0,0,,0,0,"1/1/2012",1,0,0,0,0,1,1,"Married",,33,,"M",,0,0,0,,,,,,"Approve/Eligible",1000100100,0,,8,24,10939.17,100000000000000000,,0,,4.25,,,,,0,100,,,0,0,0,"Conv No PMI",,,,,,,,663,641,"Jane",321,"Tracy","North Hills","CA",91343
"HIJK",201144387,"Scott",,,,,"Northridge","CA",91343,100,,1,"CONF525",408378,408378,2041.89,3.875,"12/23/2011","12/23/2011","2/1/2012","2/1/2042",0,,,1,,"Title Company HIJ",,"Northridge","CA",91343,,,,,,,,,,,,,,"JPM",1111111,100,"12/24/2011","1/23/2012",,"PUD",1,88.915,88.915,0,773,360,360,"CO",1,408378,"JKL APPRAISAL","O",3,26.671097,1,0,,,,,,,,,408378,0,0,,0,0,"1/1/2012",1,0,0,0,0,1,1,"Married",,27,,"M",,0,0,0,,,,,,"Approve/Eligible",1000100100,0,,14,21,19900.41,100000000000000000,,0,,3.875,,,,,0,100,,,0,0,0,"Conv No PMI",,,,,,,,961,882,"Trena",9513,"Amy","Northridge","CA",91343
"HIJK",201149562,"Chen",,,,,"Valencia","CA",91355,101,,1,"FHAVA-A",1250000,1250000,6250,4.875,"12/23/2011","12/23/2011","2/1/2012","2/1/2042",0,,,1,,"Title Company HIJ",,"Valencia","CA",91355,,,,,,,,,,,,,,"GMAC",33333333,100,"12/24/2011","1/23/2012",,"SFR",1,96.498,96.498,0,752,360,360,"CO",1,1250000,"JKL APPRAISAL","O",1,27.037002,1,0,,,,,,,,,1250000,0,0,,0,0,"1/1/2012",1,0,0,0,0,1,1,"Married",,31,,"M",,0,0,0,,,,,,"Approve/Eligible",1000100100,0,,14,21,19900.41,100000000000000000,,0,,4.875,,,,,0,100,"123-123456",,0,0,0,"FHA",,,,,,,,49,656,"Candy",7531,"Ralph","Valencia","CA",91355
